index,RA,Dec,our_id,ObjID,Column1,Column2,cx,cy,cz,htmID,distance,objName,objNameHMS,objAltName1,objAltName2,objAltName3,objPopularName,Column3,uniquePspsOBid,ippObjID,surveyID,Column4,zoneID,tessID,projectionID,skyCellID,randomID,batchID,dvoRegionID,processingVersion,objInfoFlag,qualityFlag,raStack,decStack,raStackErr,decStackErr,raMean,decMean,raMeanErr,decMeanErr,epochMean,posMeanChisq,Column5,Column6,Column7,lambda,beta,l,b,nStackObjectRows,nStackDetections,nDetections,ng,nr,ni,nz,ny,Column8,Column9,gQfPerfect,gMeanPSFMag,gMeanPSFMagErr,gMeanPSFMagStd,gMeanPSFMagNpt,gMeanPSFMagMin,gMeanPSFMagMax,gMeanKronMag,gMeanKronMagErr,gMeanKronMagStd,gMeanKronMagNpt,gMeanApMag,gMeanApMagErr,gMeanApMagStd,gMeanApMagNpt,gFlags,rQfPerfect,rMeanPSFMag,rMeanPSFMagErr,rMeanPSFMagStd,rMeanPSFMagNpt,rMeanPSFMagMin,rMeanPSFMagMax,rMeanKronMag,rMeanKronMagErr,rMeanKronMagStd,rMeanKronMagNpt,rMeanApMag,rMeanApMagErr,rMeanApMagStd,rMeanApMagNpt,rFlags,iQfPerfect,iMeanPSFMag,iMeanPSFMagErr,iMeanPSFMagStd,iMeanPSFMagNpt,iMeanPSFMagMin,iMeanPSFMagMax,iMeanKronMag,iMeanKronMagErr,iMeanKronMagStd,iMeanKronMagNpt,iMeanApMag,iMeanApMagErr,iMeanApMagStd,iMeanApMagNpt,iFlags,zQfPerfect,zMeanPSFMag,zMeanPSFMagErr,zMeanPSFMagStd,zMeanPSFMagNpt,zMeanPSFMagMin,zMeanPSFMagMax,zMeanKronMag,zMeanKronMagErr,zMeanKronMagStd,zMeanKronMagNpt,zMeanApMag,zMeanApMagErr,zMeanApMagStd,zMeanApMagNpt,zFlags,yQfPerfect,yMeanPSFMag,yMeanPSFMagErr,yMeanPSFMagStd,yMeanPSFMagNpt,yMeanPSFMagMin,yMeanPSFMagMax,yMeanKronMag,yMeanKronMagErr,yMeanKronMagStd,yMeanKronMagNpt,yMeanApMag,yMeanApMagErr,yMeanApMagStd,yMeanApMagNpt,yFlags
1,318.896118,3.292645,979,111953188960231660,318.89603698,3.29265855,0.752274002074103,-0.656342075046095,0.0574361064801459,13334452807671,0.00492080048823091,PSO J318.8960+03.2927,PSX J211535.04+031733.5,-999,-999,-999,-999,111953188960231660,3590146000021394,79426830226322,0,13334452807671,11195,1,1402,87,0.050920330035426,3590146,18493,3,512024576,61,318.89602104,3.29268118,0.00100000004749745,0.00100000004749745,318.89603698,3.29265855,0.0326899997889996,0.0102800000458956,56850.49706019,9.72509956359863,0.752274002074103,-0.656342075046095,0.0574361064801459,322.39969699621,18.2868462007355,54.4886545458692,-29.7704847806519,-999,5,70,12,14,19,13,12,111953188960231660,3590146000021394,0.999670028686523,18.7332000732422,0.011998999863863,0.0443769991397858,6,18.6877002716064,18.805700302124,17.698600769043,0.00559499999508262,0.013760999776423,8,18.0610008239746,0.0170189999043942,0.0598499998450279,8,16892216,0.999715983867645,17.6826000213623,0.00962300039827824,0.0214150007814169,5,17.6544990539551,17.7101993560791,16.7054996490479,0.0232710000127554,0.0633369982242584,8,17.046199798584,0.0303199999034405,0.110954001545906,8,16892216,0.999688029289246,17.275899887085,0.0715280026197433,0.257934004068375,12,16.8712005615234,17.5317993164063,16.218599319458,0.00963000021874905,0.0303739998489618,14,16.609899520874,0.0633149966597557,0.212762996554375,14,16892216,0.99905800819397,16.9568004608154,0.0304719991981983,0.124704003334045,12,16.7903003692627,17.1289005279541,15.9343996047974,0.0058929999358952,0.0769580006599426,13,16.3101997375488,0.0221919994801283,0.0652669966220856,13,16892216,0.999895989894867,16.816499710083,0.0504520013928413,0.180752992630005,8,16.596399307251,17.1396999359131,15.7650995254517,0.00982499960809946,0.0398349985480309,10,16.0564994812012,0.0457970015704632,0.130986005067825,10,16892216
1,318.896118,3.292645,979,111953188962371409,318.89625787,3.29244736,0.752276691957032,-0.656339314008074,0.0574324266037507,13334452807548,0.0145195849969504,PSO J318.8963+03.2924,PSX J211535.10+031732.8,-999,-999,-999,-999,111953188962371409,3590146000021427,79426830226355,0,13334452807548,11195,1,1402,87,0.877379467596653,3590146,18493,3,310456320,37,-999,-999,-999,-999,318.89625787,3.29244736,0.0150600001215935,0.0150600001215935,55416.46243056,0.989199995994568,0.752276691957032,-0.656339314008074,0.0574324266037507,322.399847161806,18.2865761951106,54.488594864062,-29.770785694092,-999,0,2,2,0,0,0,0,111953188962371409,3590146000021427,0.98800802230835,18.9568004608154,0.0216060001403093,0.030562000349164,2,18.9356002807617,18.9787998199463,18.0942001342773,0.000357999990228564,0.000949000008404255,2,18.2138996124268,0.0327819995582104,0.04636500030756,2,16777496,-999,-999,-999,-999,0,-999,-999,-999,-999,-999,0,-999,-999,-999,0,0,-999,-999,-999,-999,0,-999,-999,-999,-999,-999,0,-999,-999,-999,0,0,-999,-999,-999,-999,0,-999,-999,-999,-999,-999,0,-999,-999,-999,0,0,-999,-999,-999,-999,0,-999,-999,-999,-999,-999,0,-999,-999,-999,0,0
2,318.647034,3.434914,980,112123186468732403,318.64691089,3.43493286,0.74930370785573,-0.659510536862622,0.0599149827741907,13334541998794,0.00745965902213073,PSO J318.6469+03.4349,PSX J211435.25+032605.7,-999,-999,-999,-999,112123186468732403,3590126000055175,79164837255047,0,13334541998794,11212,1,1402,88,0.168483642086837,3590126,18432,3,512024576,61,318.64688221,3.43496149,0.00100000004749745,0.00100000004749745,318.64691089,3.43493286,0.0204300004988909,0.0181900002062321,56914.54688657,14.5152997970581,0.74930370785573,-0.659510536862622,0.0599149827741907,322.198245944156,18.5002713493367,54.4644754613267,-29.4847395563267,-999,5,54,8,10,22,7,7,112123186468732403,3590126000055175,0.999143004417419,18.6431999206543,0.00995200034230947,0.0251720007508993,4,18.6152992248535,18.6762008666992,17.7318992614746,0.00706500001251698,0.0155769996345043,6,18.0352001190186,0.0430100001394749,0.0929749980568886,6,16892216,0.998802006244659,17.6728992462158,0.0139709999784827,0.0199870001524687,3,17.6448001861572,17.676399230957,16.8421001434326,0.0344729982316494,0.0961230024695396,5,17.1110992431641,0.00790200009942055,0.00909900013357401,5,16892216,0.999444007873535,17.2264995574951,0.0506169982254505,0.246138006448746,17,16.5361995697021,17.4437999725342,16.3584995269775,0.00705499993637204,0.117633000016212,21,16.6676998138428,0.0412050001323223,0.20040200650692,21,16892216,0.999505996704102,17.0116996765137,0.020796999335289,0.0413540005683899,4,16.9857006072998,17.0715999603271,16.3335990905762,0.00951300002634525,0.111014001071453,6,16.4888000488281,0.0267440006136894,0.0568460002541542,6,16892216,0.998862028121948,16.8419990539551,0.0386560000479221,0.114031001925468,4,16.6770000457764,16.9493007659912,15.9628000259399,0.0130829997360706,0.0417939983308315,5,16.3295001983643,0.0305920001119375,0.0569069981575012,5,16892216
3,318.80719,3.496223,981,112193188071385746,318.80716547,3.49604483,0.751096889693838,-0.657369717977629,0.0609796374067232,13334590384788,0.0107906679980646,PSO J318.8072+03.4960,PSX J211513.71+032945.7,-999,-999,-999,-999,112193188071385746,3590146000008200,79426830213127,0,13334590384788,11219,1,1402,87,0.882715633029785,3590146,18493,3,512024576,61,318.80715186,3.496069,0.00100000004749745,0.00100000004749745,318.80716547,3.49604483,0.00711000012233853,0.00359000009484589,56167.62063657,4.08809995651245,0.751096889693837,-0.657369717977629,0.0609796374067232,322.378642737673,18.5078378314311,54.6255352512512,-29.5831535647261,-999,10,72,12,12,25,11,12,112193188071385746,3590146000008200,0.999642014503479,19.4396991729736,0.0340740010142326,0.103162996470928,6,19.2844009399414,19.4951992034912,17.8129005432129,0.0158149991184473,0.0472830012440681,8,18.4895000457764,0.0245670005679131,0.0714740008115768,8,16892216,0.998852014541626,18.4741992950439,0.00718299997970462,0.0206969995051622,7,18.4314994812012,18.4862003326416,16.7537002563477,0.0108839999884367,0.0315669998526573,12,17.668399810791,0.0414719991385937,0.160264998674393,12,16892216,0.999786972999573,18.1784000396729,0.0287590008229017,0.110844999551773,14,17.9953002929688,18.3561992645264,16.2816009521484,0.0158649999648333,0.0662880018353462,22,17.3157005310059,0.0333769991993904,0.120832003653049,22,16892216,0.999347984790802,17.860200881958,0.0339850001037121,0.0952939987182617,8,17.8040008544922,18.0389995574951,16.1735992431641,0.0186000000685453,0.191830992698669,11,16.9715003967285,0.0407870002090931,0.103697001934052,11,16892216,0.999288976192474,17.7917003631592,0.0293199997395277,0.180757001042366,9,17.4463996887207,18.0177001953125,16.2275009155273,0.0401890017092228,0.133771002292633,12,16.9437999725342,0.0411520004272461,0.192828997969627,12,16892216
4,318.637299,3.542414,982,112253186372901381,318.63731953,3.54240776,0.749107624896769,-0.659560532643054,0.0617872972473551,13334588473260,0.00128519022865131,PSO J318.6373+03.5424,PSX J211432.95+033232.6,-999,-999,-999,-999,112253186372901381,3590126000053947,79164837253819,0,13334588473260,11225,1,1402,88,0.939547756630506,3590126,18432,3,512024576,61,318.63728615,3.54243406,0.00100000004749745,0.00100000004749745,318.63731953,3.54240776,0.00496000004932284,0.00398000003769994,56025.99609954,3.25729990005493,0.749107624896769,-0.659560532643054,0.0617872972473551,322.224364774597,18.6052921948819,54.5606644897039,-29.4167184002767,-999,5,70,12,16,14,14,14,112253186372901381,3590126000053947,0.999228000640869,18.9626007080078,0.0229219999164343,0.071043998003006,8,18.8845996856689,19.0865001678467,17.9141998291016,0.0179069992154837,0.0653650015592575,9,18.3285007476807,0.0438820011913776,0.150521993637085,9,16892216,0.999644994735718,17.9936008453369,0.0120000001043081,0.0435670018196106,13,17.9207992553711,18.0534992218018,16.8223991394043,0.0160869993269444,0.060189001262188,16,17.2851009368896,0.0197759997099638,0.074072003364563,16,16892216,0.999688982963562,17.5440006256104,0.0416899994015694,0.135480999946594,9,17.288200378418,17.7180995941162,16.2562999725342,0.015459000132978,0.0437970012426376,13,16.8523006439209,0.0562810003757477,0.172275006771088,13,16892216,0.999210000038147,17.2889995574951,0.0262770000845194,0.0987809970974922,9,17.2217998504639,17.4743995666504,16.1756000518799,0.0353729985654354,0.158445999026299,13,16.5697002410889,0.0219960007816553,0.0644130036234856,13,16892216,0.999357998371124,17.1481990814209,0.0416929982602596,0.143960997462273,10,16.9377002716064,17.3815994262695,16.0193004608154,0.0231490004807711,0.100670002400875,13,16.3805999755859,0.0351039990782738,0.147541001439095,13,16892216
4,318.637299,3.542414,982,112253186376641422,318.63777123,3.54252595,0.749112728956717,-0.659554542692615,0.0617893561105475,13334588473232,0.0290664301590391,PSO J318.6378+03.5425,PSX J211433.06+033233.0,-999,-999,-999,-999,112253186376641422,3590126000054006,79164837253878,0,13334588473232,11225,1,1402,88,0.0739406254831148,3590126,18432,3,277348352,33,-999,-999,-999,-999,318.63777123,3.54252595,0.029789999127388,0.029789999127388,56114.38603009,-999,0.749112728956717,-0.659554542692615,0.0617893561105475,322.224855537374,18.6052623484135,54.5610664783521,-29.4170259890104,-999,0,2,0,0,1,0,1,112253186376641422,3590126000054006,-999,-999,-999,-999,0,-999,-999,-999,-999,-999,0,-999,-999,-999,0,0,-999,-999,-999,-999,0,-999,-999,-999,-999,-999,0,-999,-999,-999,0,0,0.732151985168457,19.3980007171631,0.0398599989712238,-999,1,19.3980007171631,19.3980007171631,18.9074993133545,0.032285001128912,-999,1,18.9034996032715,0.0398599989712238,-999,1,16781336,-999,-999,-999,-999,0,-999,-999,-999,-999,-999,0,-999,-999,-999,0,0,0.664186000823975,17.5480995178223,0.0388830006122589,-999,1,17.5480995178223,17.5480995178223,17.3465995788574,0.0372450016438961,-999,1,17.339599609375,0.0388830006122589,-999,1,16781336
5,318.541565,3.66297,983,112393185416335830,318.54162199,3.66277766,0.747906026057441,-0.660723399910198,0.0638839964159584,13334580971149,0.0120343428503394,PSO J318.5416+03.6628,PSX J211409.98+033945.9,-999,-999,-999,-999,112393185416335830,3590126000041383,79164837241255,0,13334580971149,11239,1,1402,98,0.466554722251887,3590126,18432,3,512024576,61,318.5416248,3.66281921,0.00100000004749745,0.00100000004749745,318.54162199,3.66277766,0.00810000021010637,0.00505999987944961,56269.07105324,8.71969985961914,0.747906026057441,-0.660723399910198,0.0638839964159584,322.168689790255,18.7496145919827,54.6138070758768,-29.2702095825237,-999,5,82,14,14,32,10,12,112393185416335830,3590126000041383,0.999738991260529,18.9778995513916,0.00911999959498644,0.041032999753952,7,18.8929004669189,19.0025997161865,17.8633003234863,0.0123560000211,0.0336209982633591,11,18.156099319458,0.0264769997447729,0.070422001183033,11,16892216,0.999311983585358,18.1091003417969,0.0477540008723736,0.121352002024651,10,17.9997997283936,18.3092994689941,16.6636009216309,0.0485970005393028,0.329917013645172,12,17.3554992675781,0.0365470014512539,0.113753996789455,12,16892216,0.999684989452362,17.5594005584717,0.0376939997076988,0.193891003727913,22,17.2229995727539,17.925199508667,16.1879997253418,0.0524949990212917,0.273689985275269,26,16.755500793457,0.0417000018060207,0.192475005984306,27,16892216,0.999126017093658,17.3554992675781,0.0118389995768666,0.0323360003530979,4,17.323299407959,17.400899887085,15.9713001251221,0.0860510021448135,0.3906269967556,7,16.5877990722656,0.00571999978274107,0.0995370000600815,7,16892216,0.999625980854034,17.2758007049561,0.0432370007038116,0.185166001319885,8,16.9634990692139,17.5223007202148,15.7757997512817,0.0228220000863075,0.0978360027074814,12,16.4538993835449,0.0352739989757538,0.147964999079704,12,16892216
6,318.644531,3.477692,984,112173186442583398,318.64425428,3.4775452,0.749239472644303,-0.659515653973891,0.0606573556551717,13334587810228,0.0187678663800383,PSO J318.6443+03.4775,PSX J211434.62+032839.1,-999,-999,-999,-999,112173186442583398,3590126000054810,79164837254682,0,13334587810228,11217,1,1402,88,0.667233592520685,3590126,18432,3,268959744,32,-999,-999,-999,-999,318.64425428,3.4775452,0.0277600008994341,0.0277600008994341,56233.20449074,-999,0.749239472644303,-0.659515653973891,0.0606573556551717,322.209742956242,18.5415508784268,54.5033628587613,-29.4587268398443,-999,0,3,1,0,1,0,1,112173186442583398,3590126000054810,0.427421987056732,19.8922996520996,0.0384860001504421,-999,1,19.8922996520996,19.8922996520996,19.9761009216309,0.0376240015029907,-999,1,20.3960990905762,0.0384860001504421,-999,1,4120,-999,-999,-999,-999,0,-999,-999,-999,-999,-999,0,-999,-999,-999,0,0,0.836786985397339,18.1823997497559,0.262975007295609,-999,1,18.1823997497559,18.1823997497559,18.0811004638672,0.275754004716873,-999,1,17.9062004089355,0.262975007295609,-999,1,4120,-999,-999,-999,-999,0,-999,-999,-999,-999,-999,0,-999,-999,-999,0,0,0.774255990982056,18.3262996673584,0.0347799994051456,-999,1,18.3262996673584,18.3262996673584,-999,-999,-999,0,19.3469009399414,0.0347799994051456,-999,1,4120
6,318.644531,3.477692,984,112173186444823791,318.64454509,3.47778508,0.749242629436321,-0.65951168333117,0.0606615346412661,13334587810718,0.00564819106490683,PSO J318.6445+03.4778,PSX J211434.69+032840.0,-999,-999,-999,-999,112173186444823791,3590126000054842,79164837254714,0,13334587810718,11217,1,1402,88,0.812874164258013,3590126,18432,3,512024576,61,318.6444857,3.47777717,0.00100000004749745,0.00100000004749745,318.64454509,3.47778508,0.0526599995791912,0.0804800018668175,56846.8308912,104.380996704102,0.749242629436321,-0.65951168333117,0.0606615346412661,322.210113224723,18.5416871367859,54.5037776491487,-29.4588334403988,-999,5,71,12,12,21,11,15,112173186444823791,3590126000054842,0.999203979969025,17.9533004760742,0.0197310000658035,0.0562120005488396,10,17.8777008056641,18.0270004272461,17.3929996490479,0.0116370003670454,0.0269070006906986,10,17.5566997528076,0.00834299996495247,0.0264369994401932,10,16892216,0.999671995639801,17.2021999359131,0.015472000464797,0.0516650006175041,10,17.1208992004395,17.2710990905762,16.5289001464844,0.0069670001976192,0.0220389999449253,12,16.7789993286133,0.0203339997678995,0.0892560034990311,12,16892216,0.999521970748901,16.8533992767334,0.032260000705719,0.145650997757912,17,16.5965003967285,17.0181007385254,16.0704002380371,0.00321600004099309,0.0139779997989535,19,16.3339996337891,0.027819000184536,0.124839000403881,19,16892216,0.999364972114563,16.8570003509521,0.00615799985826015,0.0404330007731915,5,16.7794990539551,16.8712005615234,15.9003000259399,0.010351000353694,0.0933850035071373,10,16.270299911499,0.0105149997398257,0.0191549994051456,10,16892216,0.999563992023468,16.6140995025635,0.0408169999718666,0.163337007164955,11,16.3852005004883,16.8619995117188,15.8625001907349,0.0266830008476973,0.0726170018315315,13,16.0590991973877,0.0320370011031628,0.136199995875359,13,16892216
7,318.604462,3.672971,985,112403186045537972,318.60455835,3.67291888,0.748622850077739,-0.659893979232592,0.0640606315458931,13334578352612,0.00656217884737086,PSO J318.6046+03.6729,PSX J211425.09+034022.5,-999,-999,-999,-999,112403186045537972,3590126000049507,79164837249379,0,13334578352612,11240,1,1402,98,0.649721493618303,3590126,18432,3,512024576,61,318.60454222,3.672928,0.00100000004749745,0.00100000004749745,318.60455835,3.67291888,0.0147700002416968,0.0192900002002716,56308.11282407,34.6487998962402,0.748622850077739,-0.659893979232592,0.0640606315458931,322.235012443511,18.7394579326257,54.6637623790419,-29.316572388545,-999,5,83,12,12,34,10,15,112403186045537972,3590126000049507,0.999185979366302,19.763599395752,0.0487620010972023,0.198614001274109,9,19.4946002960205,20.1107997894287,17.3745002746582,0.020736999809742,0.0414780005812645,11,18.2779998779297,0.122440002858639,0.300922006368637,11,16892216,0.999679982662201,19.0083999633789,0.0299019999802113,0.11005599796772,10,18.880500793457,19.1679992675781,16.7966995239258,0.0167939998209476,0.0466680005192757,11,17.778600692749,0.0254839994013309,0.0719500035047531,11,16892216,0.999907970428467,18.3015995025635,0.0338679999113083,0.203557997941971,20,18.1354999542236,18.8276996612549,16.4155006408691,0.00992999970912933,0.0406819991767406,27,17.2318992614746,0.0614980012178421,0.328673988580704,28,16892216,0.999153017997742,18.2248001098633,0.0432559996843338,0.137535005807877,7,18.1718006134033,18.4220008850098,16.3743991851807,0.0206679999828339,0.128702998161316,9,17.1777992248535,0.0613830015063286,0.199458003044128,9,16892216,0.999490976333618,18.002799987793,0.0655839964747429,0.18001900613308,10,17.6905002593994,18.1718006134033,16.3076992034912,0.0324480012059212,0.0954319983720779,14,17.1583995819092,0.05791400000453,0.22375899553299,14,16892216
8,318.632294,3.313248,986,111973186323516216,318.63244283,3.31304593,0.749231108282664,-0.659782469555091,0.0577913423387663,13334547901896,0.0150489605707273,PSO J318.6324+03.3130,PSX J211431.78+031846.9,-999,-999,-999,-999,111973186323516216,3590126000053323,79164837253195,0,13334547901896,11197,1,1402,88,0.958087587690062,3590126,18432,3,512024576,61,318.63238424,3.31309667,0.00100000004749745,0.00100000004749745,318.63244283,3.31304593,0.0603899993002415,0.0527300015091896,56903.42092593,43.0043983459473,0.749231108282664,-0.659782469555091,0.0577913423387663,322.1433560986,18.3891240303062,54.3390065289499,-29.5408004735637,-999,5,66,10,10,23,13,10,111973186323516216,3590126000053323,0.999656021595001,19.2397994995117,0.00855999998748302,0.0220410004258156,7,19.2198009490967,19.2768001556396,18.5855007171631,0.0213549993932247,0.0413849987089634,7,18.6972999572754,0.0170889999717474,0.0434090010821819,7,16892216,0.999746024608612,18.1137008666992,0.0219240002334118,0.0501840002834797,9,18.0412998199463,18.1758995056152,17.5995006561279,0.0119089996442199,0.0360709987580776,10,17.6173992156982,0.0110590001568198,0.0333269983530045,10,16892216,0.999545991420746,17.506799697876,0.0129289999604225,0.0488470010459423,10,17.4582004547119,17.5809001922607,17.0928001403809,0.0143200000748038,0.0631010010838509,13,17.1877994537354,0.0475029982626438,0.172805994749069,14,16892216,0.999225974082947,17.2476005554199,0.00923100020736456,0.0430169999599457,9,17.1485996246338,17.2768001556396,16.7035007476807,0.0322390012443066,0.109465003013611,11,16.8190002441406,0.0274689998477697,0.0887920036911964,11,16892216,0.999571025371552,16.8973999023438,0.0465210005640984,0.0880279988050461,8,16.7908000946045,17.0466003417969,16.3673000335693,0.0456000007688999,0.100615002214909,10,16.4242000579834,0.0700239986181259,0.0693150013685226,10,16892216
9,318.786041,3.488722,987,112183187859846838,318.78600093,3.48862421,0.750859946861863,-0.657652319573173,0.0608503636688029,13334593478340,0.00633917637780977,PSO J318.7860+03.4886,PSX J211508.64+032919.0,-999,-999,-999,-999,112183187859846838,3590146000005271,79426830210198,0,13334593478340,11218,1,1402,88,0.199194308555866,3590146,18493,3,520413184,62,318.7859974,3.48865217,0.00100000004749745,0.00100000004749745,318.78600093,3.48862421,0.00258999993093312,0.0014400000218302,56821.08366898,6.38570022583008,0.750859946861863,-0.657652319573173,0.0608503636688029,322.355034212341,18.5074635933202,54.6048652437919,-29.569805117348,-999,10,73,12,14,24,11,12,112183187859846838,3590146000005271,0.999702990055084,17.7952003479004,0.00629300018772483,0.0167500004172325,11,17.766300201416,17.8150997161865,17.8582992553711,0.00396500015631318,0.011307000182569,11,17.7917003631592,0.00437799980863929,0.015557000413537,11,115000,0.999009013175964,16.8635997772217,0.00351399998180568,0.0126790003851056,13,16.8386001586914,16.8733997344971,16.9218006134033,0.00316599989309907,0.0110670002177358,14,16.8605003356934,0.00268599996343255,0.00943799968808889,14,115000,0.999630987644196,16.4675998687744,0.00197299988940358,0.00744500011205673,18,16.4554004669189,16.4829006195068,16.5223007202148,0.00231499993242323,0.00906800013035536,19,16.4643001556396,0.00618899986147881,0.0298239998519421,20,115000,0.999435007572174,16.305700302124,0.00261400011368096,0.00649600010365248,8,16.301700592041,16.3185997009277,16.3672008514404,0.00705000013113022,0.0309560000896454,10,16.2936992645264,0.00112799997441471,0.0131799997761846,10,115000,0.99922901391983,16.1623001098633,0.00603500008583069,0.0146329998970032,12,16.1326007843018,16.1844005584717,16.252799987793,0.0142740001901984,0.029839999973774,12,16.1630001068115,0.014919999986887,0.0256919991225004,12,115000
9,318.786041,3.488722,987,112183187861427145,318.78618201,3.4889588,0.750861758005013,-0.65764971238095,0.0608561925433646,13334593478308,0.0165282767708685,PSO J318.7862+03.4890,PSX J211508.68+032920.2,-999,-999,-999,-999,112183187861427145,3590146000005296,79426830210223,0,13334593478308,11218,1,1402,88,0.892299710672628,3590146,18493,3,268959744,32,-999,-999,-999,-999,318.78618201,3.4889588,0.0145199997350574,0.0145199997350574,56886.4378125,-999,0.750861758005013,-0.65764971238095,0.0608561925433646,322.355326414305,18.507724054993,54.6053003430329,-29.5697675693867,-999,0,2,0,0,2,0,0,112183187861427145,3590146000005296,-999,-999,-999,-999,0,-999,-999,-999,-999,-999,0,-999,-999,-999,0,0,-999,-999,-999,-999,0,-999,-999,-999,-999,-999,0,-999,-999,-999,0,0,0.469579994678497,17.5063991546631,1.99999999495049E-06,-999,1,17.5063991546631,17.5063991546631,-999,-999,-999,0,18.1107997894287,1.99999999495049E-06,-999,2,24,-999,-999,-999,-999,0,-999,-999,-999,-999,-999,0,-999,-999,-999,0,0,-999,-999,-999,-999,0,-999,-999,-999,-999,-999,0,-999,-999,-999,0,0
10,318.76239,3.630107,988,112353187625186379,318.76254048,3.62992331,0.750475471233127,-0.657858792273509,0.0633117406636058,13334596159066,0.0142360005302468,PSO J318.7625+03.6299,PSX J211503.00+033747.7,-999,-999,-999,-999,112353187625186379,3590146000001936,79426830206863,0,13334596159066,11235,1,1402,98,0.166656224212289,3590146,18493,3,512024576,61,318.76252671,3.62993377,0.00100000004749745,0.00100000004749745,318.76254048,3.62992331,0.00892999954521656,0.00641999999061227,56279.54793981,7.1136999130249,0.750475471233127,-0.657858792273509,0.0633117406636058,322.378643444239,18.6489305147832,54.7242930972986,-29.4712475676161,-999,5,68,13,12,22,10,11,112353187625186379,3590146000001936,0.999450981616974,19.3381996154785,0.0122699998319149,0.0304559990763664,6,19.3096008300781,19.3782997131348,17.9409008026123,0.0378969982266426,0.0987450033426285,8,18.6721000671387,0.0877299979329109,0.196118995547295,8,16892216,0.999589025974274,18.5330009460449,0.016507999971509,0.052216999232769,8,18.434700012207,18.5923004150391,17.2035007476807,0.00502600008621812,0.0164940003305674,11,17.7315006256104,0.0125749995931983,0.0306589994579554,11,16892216,0.999589025974274,18.0410995483398,0.0326289981603622,0.132115006446838,17,17.8087997436523,18.274299621582,16.7581996917725,0.0101319998502731,0.0389119982719421,22,17.2385005950928,0.0265980008989573,0.108805000782013,22,16892216,0.999392986297607,17.9186992645264,0.022494999691844,0.0741510018706322,6,17.798999786377,18.0076999664307,16.556999206543,0.00989199988543987,0.0214070007205009,7,17.1618995666504,0.0360799990594387,0.0916830003261566,7,16892216,0.99890798330307,17.7049999237061,0.0175720006227493,0.111024998128414,9,17.5041007995605,17.8801002502441,16.5494995117188,0.0398869998753071,0.136651992797852,10,16.9682998657227,0.0233459994196892,0.0791789963841438,10,16892216
11,318.815521,3.718446,989,112463188154582702,318.81544975,3.71852884,0.751008061283643,-0.657100234559841,0.0648550200708199,13334554002327,0.00655008644146938,PSO J318.8154+03.7185,PSX J211515.70+034306.7,-999,-999,-999,-999,112463188154582702,3590146000009604,79426830214531,0,13334554002327,11246,1,1402,97,0.263244146726322,3590146,18493,3,1577377792,188,318.81544729,3.7185471,0.00100000004749745,0.00100000004749745,318.81544975,3.71852884,0.00307000009343028,0.00583000015467405,56823.41217593,9.1555004119873,0.751008061283643,-0.657100234559841,0.0648550200708199,322.461073259055,18.716320073229,54.8425632817718,-29.4652360064108,-999,5,85,18,13,35,9,10,112463188154582702,3590146000009604,0.999661982059479,16.9710006713867,0.00383200007490814,0.0142329996451736,16,16.9461002349854,16.9923000335693,17.028600692749,0.0061429999768734,0.0213549993932247,16,16.9640007019043,0.00479000015184283,0.0163870006799698,16,246072,0.999724984169006,16.5555992126465,0.00237099989317358,0.00813200045377016,11,16.5391006469727,16.5687999725342,16.605899810791,0.00380999990738928,0.0130759999155998,12,16.5618000030518,0.00241299998015165,0.00704699987545609,12,115000,0.999679028987885,16.415599822998,0.00228899996727705,0.013837999664247,30,16.3875999450684,16.4437999725342,16.471700668335,0.00245200004428625,0.0144330002367496,35,16.4108009338379,0.00160900002811104,0.00974899996072054,35,246072,0.998435974121094,16.3820991516113,0.00594699988141656,0.03838299959898,8,16.3668003082275,16.4729995727539,16.4216995239258,0.00459000002592802,0.0366039983928204,8,16.3659992218018,0.004850999917835,0.0224060006439686,8,246072,0.999652981758118,16.3356990814209,0.00635199993848801,0.021747000515461,10,16.289400100708,16.3600997924805,16.4368000030518,0.00664700008928776,0.0175340007990599,10,16.3414993286133,0.0106109995394945,0.0223190002143383,10,246072
12,318.502,3.25722,990,111903185024579129,318.50245887,3.2572105,0.747774193782184,-0.661517513702573,0.0568184316764458,13334067942646,0.0274936316490049,PSO J318.5025+03.2572,PSX J211400.59+031525.9,-999,-999,-999,-999,111903185024579129,3590114000031691,79147657362378,0,13334067942646,11190,1,1402,88,0.577814942763946,3590114,18428,3,512024576,61,318.50244545,3.25723128,0.00100000004749745,0.00100000004749745,318.50245887,3.2572105,0.00694999983534217,0.00500999996438622,56120.57730324,1.67530000209808,0.747774193782184,-0.661517513702573,0.0568184316764458,321.995045019654,18.3768997041035,54.2026474038064,-29.4641619031914,-999,5,70,12,10,25,10,13,111903185024579129,3590114000031691,0.999562978744507,20.5149993896484,0.0601969994604588,0.182980000972748,11,20.2036991119385,20.7390003204346,19.5970001220703,0.0299159996211529,0.114404998719692,11,19.7901992797852,0.0493299998342991,0.15514899790287,11,16892216,0.997940003871918,19.1347007751465,0.0719000026583672,0.138805001974106,3,19.0578002929688,19.315299987793,18.2570991516113,0.0265299994498491,0.0591709986329079,4,18.5548992156982,0.0500119999051094,0.0707449987530708,4,16892216,0.99922102689743,18.6697998046875,0.0247559994459152,0.0881500020623207,12,18.5391006469727,18.8066005706787,17.7012996673584,0.0122560001909733,0.0548309981822968,20,17.9874992370605,0.0247060004621744,0.0904230028390884,20,16892216,0.999298989772797,18.4703006744385,0.0315430015325546,0.0931710004806519,7,18.3299007415771,18.6100006103516,17.4267997741699,0.0196460001170635,0.056453000754118,9,17.7963008880615,0.00418299995362759,0.0503979995846748,9,16892216,0.999351024627686,18.1977996826172,0.020406000316143,0.173452004790306,8,17.9050006866455,18.2891998291016,17.3700008392334,0.0579719990491867,0.118308000266552,11,17.5554008483887,0.020329000428319,0.220320999622345,11,16892216
13,318.581,3.44954,991,112133185814189936,318.58142301,3.44955738,0.748537919198249,-0.660356405667498,0.0601697682915519,13334586071615,0.0253560668992402,PSO J318.5814+03.4496,PSX J211419.54+032658.4,-999,-999,-999,-999,112133185814189936,3590126000046481,79164837246353,0,13334586071615,11213,1,1402,88,0.983018008044938,3590126,18432,3,444915712,53,318.58140168,3.44958694,0.00100000004749745,0.00100000004749745,318.58142301,3.44955738,0.0207199994474649,0.0119399996474385,56120.55935185,2.75430011749268,0.748537919198249,-0.660356405667498,0.0601697682915519,322.137664766147,18.5347269102606,54.4364723610317,-29.422349597795,-999,5,57,7,14,18,9,9,112133185814189936,3590126000046481,0.999731004238129,21.9468994140625,0.0619620010256767,0.171079993247986,7,21.7367992401123,22.2532005310059,21.519100189209,0.104544997215271,0.480765998363495,7,21.5855007171631,0.107745997607708,0.338447988033295,7,115000,0.999275982379913,20.4587993621826,0.0531690008938313,0.181787997484207,11,20.326000213623,20.7630004882813,20.0163993835449,0.0537169985473156,0.180759996175766,11,19.9922008514404,0.044624999165535,0.178325995802879,11,16892216,0.999541997909546,19.7162990570068,0.0419740006327629,0.152401000261307,14,19.4342994689941,19.9242000579834,19.255500793457,0.0307950004935265,0.132406994700432,16,19.2677001953125,0.0424019992351532,0.135302007198334,16,16892216,0.998431026935577,19.5097007751465,0.0229690000414848,0.0646060034632683,7,19.4083995819092,19.5785999298096,18.9298000335693,0.0589039996266365,0.146838992834091,8,18.9507007598877,0.05808399990201,0.138361006975174,8,16892216,0.999671995639801,19.1135997772217,0.0449220016598701,0.101907998323441,9,18.9463996887207,19.2353000640869,18.5261993408203,0.165729001164436,0.380952000617981,9,18.5634994506836,0.0982780009508133,0.220557004213333,9,16892216
14,318.613,3.4143,992,112093186133097652,318.61332841,3.41431356,0.748933152285349,-0.659963821705949,0.0595557507484243,13334542763218,0.0196864434875907,PSO J318.6133+03.4143,PSX J211427.19+032451.5,-999,-999,-999,-999,112093186133097652,3590126000050718,79164837250590,0,13334542763218,11209,1,1402,88,0.227729907471435,3590126,18432,3,512024576,61,318.61331613,3.41433968,0.00100000004749745,0.00100000004749745,318.61332841,3.41431356,0.0217599999159575,0.0171000007539988,56154.31291667,15.204400062561,0.748933152285349,-0.659963821705949,0.0595557507484243,322.157850534295,18.4912522235241,54.423321306894,-29.468450348421,-999,5,62,10,10,21,12,9,112093186133097652,3590126000050718,0.999373018741608,20.5881004333496,0.0306499991565943,0.0822610035538673,7,20.4430999755859,20.6704998016357,19.9885997772217,0.0272940006107092,0.0748569965362549,8,20.0487003326416,0.0328250005841255,0.0852599963545799,8,16892216,0.999516010284424,19.2411994934082,0.0226450003683567,0.0609170012176037,9,19.1627006530762,19.3183002471924,18.6063003540039,0.0166469998657703,0.0527639985084534,9,18.6828002929688,0.0176020003855228,0.0596470013260841,9,16892216,0.999616026878357,18.6142997741699,0.0394730009138584,0.16313399374485,20,18.3384990692139,18.836799621582,17.9673004150391,0.00870000012218952,0.146443992853165,21,18.0764999389648,0.0282060001045465,0.164707005023956,21,16892216,0.998995006084442,18.4818992614746,0.0129289999604225,0.0461799986660481,8,18.4080009460449,18.5154991149902,17.7637996673584,0.0160479992628098,0.0685420036315918,11,17.9587001800537,0.0197930000722408,0.0722870007157326,11,16892216,0.999123990535736,18.1742000579834,0.0699160024523735,0.188299000263214,9,17.8640003204346,18.3185997009277,17.774299621582,0.114653997123241,0.235081002116203,9,17.8211994171143,0.0968369990587235,0.263337999582291,9,16892216
15,318.544,3.33353,993,112003185436910720,318.54374876,3.33354117,0.748193324273706,-0.660927762505679,0.0581484502071885,13334541414228,0.0150638096337905,PSO J318.5437+03.3335,PSX J211410.49+032000.7,-999,-999,-999,-999,112003185436910720,3590126000041643,79164837241515,0,13334541414228,11200,1,1402,88,0.953500742049423,3590126,18432,3,444915712,53,318.54373859,3.33356804,0.00100000004749745,0.00100000004749745,318.54374876,3.33354117,0.0152500001713634,0.015990000218153,56191.87201389,3.38000011444092,0.748193324273706,-0.660927762505679,0.0581484502071885,322.061558293753,18.4364200304809,54.3018241717758,-29.4558714923756,-999,5,58,5,12,23,8,10,112003185436910720,3590126000041643,0.999696016311646,21.9676990509033,0.117793001234531,0.318219989538193,5,21.701099395752,22.4305992126465,21.4726009368896,0.0990450009703636,0.344994008541107,5,21.4351005554199,0.114734001457691,0.339949011802673,5,16892216,0.999316990375519,20.636100769043,0.0288919992744923,0.0994929969310761,11,20.5226001739502,20.7889003753662,20.1494007110596,0.0270620007067919,0.110868997871876,11,20.1676006317139,0.0330579988658428,0.101961001753807,11,16892216,0.999401986598969,19.8672008514404,0.0284930001944304,0.14750200510025,16,19.5872993469238,20.1075992584229,19.2908992767334,0.0207139998674393,0.129115000367165,19,19.3393001556396,0.0166890006512403,0.0766670033335686,19,16892216,0.999296009540558,19.5123996734619,0.0232159998267889,0.142515003681183,8,19.2007999420166,19.6310005187988,19.0174007415771,0.0272569991648197,0.149877995252609,8,19.0617008209229,0.0261749997735024,0.104493997991085,8,16892216,0.99990302324295,19.2458992004395,0.0521150007843971,0.231747999787331,9,18.698299407959,19.3787002563477,18.6156005859375,0.060224998742342,0.379343003034592,10,18.6877002716064,0.0538519993424416,0.24057699739933,10,16892216
16,318.59,3.42277,994,112103185903627816,318.59040161,3.42277557,0.748662404026807,-0.66025762801169,0.0597031778817481,13334542044528,0.0240559375057807,PSO J318.5904+03.4228,PSX J211421.69+032521.9,-999,-999,-999,-999,112103185903627816,3590126000047579,79164837247451,0,13334542044528,11210,1,1402,88,0.0763464263420053,3590126,18432,3,444915712,53,318.59038073,3.42281036,0.00100000004749745,0.00100000004749745,318.59040161,3.42277557,0.0260799992829561,0.0204600002616644,56077.46064815,2.24990010261536,0.748662404026807,-0.66025762801169,0.0597031778817481,322.137750874019,18.5064853746049,54.4167080948111,-29.4447392410009,-999,5,44,1,10,16,8,9,112103185903627816,3590126000047579,0.432112008333206,21.9188995361328,0.170292004942894,-999,1,21.9188995361328,21.9188995361328,20.6653995513916,0.130428999662399,-999,1,21.0091991424561,0.170292004942894,-999,1,16892464,0.999629020690918,21.3673000335693,0.0228920001536608,0.0736320018768311,9,21.263500213623,21.4897003173828,21.0841007232666,0.0922449976205826,0.212748005986214,9,21.0645008087158,0.0569790005683899,0.16067099571228,9,16892216,0.999260008335114,20.5414009094238,0.0244299992918968,0.153020992875099,12,20.2756004333496,20.6594009399414,20.2810001373291,0.0689940005540848,0.13204300403595,13,20.2212009429932,0.0358400009572506,0.182725995779037,13,16892216,0.999334990978241,20.2180995941162,0.0445029996335506,0.214971005916595,8,19.8094997406006,20.3505992889404,19.771900177002,0.0817599967122078,0.226612001657486,7,19.8677997589111,0.0664509981870651,0.197212994098663,8,16892216,0.999623000621796,19.4950008392334,0.164416000247002,0.225826993584633,8,19.2409992218018,19.9318008422852,19.2908992767334,0.0911369994282722,0.239671006798744,8,19.3232002258301,0.130103006958961,0.358043998479843,8,115000
17,318.675,3.39999,995,112083186745320514,318.67451454,3.40001761,0.749648636057476,-0.659173452225275,0.0593066803874468,13334544045851,0.0291234837716475,PSO J318.6745+03.4000,PSX J211441.88+032400.0,-999,-999,-999,-999,112083186745320514,3590126000058842,79164837258714,0,13334544045851,11208,1,1402,88,0.152020920209606,3590126,18432,3,444915712,53,318.67448132,3.40004405,0.00100000004749745,0.00100000004749745,318.67451454,3.40001761,0.0485100001096725,0.0199800003319979,55959.42403935,5.75939989089966,0.749648636057476,-0.659173452225275,0.0593066803874468,322.214228281726,18.4584556118951,54.4488892147441,-29.5270990318869,-999,4,42,2,12,13,9,6,112083186745320514,3590126000058842,0.737971007823944,21.7061004638672,0.0748089998960495,0.107220999896526,2,21.6436996459961,21.7933006286621,-999,-999,-999,0,21.4358005523682,0.0254640001803637,0.0732439979910851,2,20528,0.999014019966125,20.8369007110596,0.0457580015063286,0.166476994752884,11,20.6445007324219,21.1499004364014,19.9801006317139,0.0427910014986992,0.117337003350258,11,20.0746002197266,0.0508010014891624,0.131933003664017,11,16892216,0.999206006526947,20.1343994140625,0.0539010018110275,0.197272002696991,10,19.8145999908447,20.3701992034912,19.2031002044678,0.0374470017850399,0.155904993414879,11,19.3532009124756,0.0642749965190887,0.187105000019073,11,16892216,0.998948991298676,19.8995990753174,0.059773001819849,0.155076995491982,9,19.6186008453369,20.1149997711182,18.9353008270264,0.0421800017356873,0.127578005194664,9,19.1354999542236,0.0548299998044968,0.158680006861687,9,16892216,0.998857975006104,19.3672008514404,0.0988560020923615,0.295231014490128,6,19.016300201416,19.8274002075195,18.4417991638184,0.114118002355099,0.378215998411179,6,18.6744995117188,0.0968869999051094,0.263633996248245,6,16892216
18,318.693,3.36691,996,112043186926060810,318.69263323,3.36693111,0.749882650674026,-0.658958854283543,0.0587302186222469,13334536830401,0.0220046984023907,PSO J318.6926+03.3669,PSX J211446.23+032200.9,-999,-999,-999,-999,112043186926060810,3590126000061166,79164837261038,0,13334536830401,11204,1,1402,88,0.574430350749223,3590126,18432,3,512024576,61,318.69260179,3.36696036,0.00100000004749745,0.00100000004749745,318.69263323,3.36693111,0.00937999971210957,0.0108899995684624,56114.27689815,3.57179999351501,0.749882650674026,-0.658958854283543,0.0587302186222469,322.221340240835,18.4213565474771,54.4289559968352,-29.5605823592478,-999,5,60,10,10,20,8,12,112043186926060810,3590126000061166,0.999166011810303,21.3335990905762,0.039342999458313,0.137843996286392,9,21.0783996582031,21.5291996002197,20.4957008361816,0.0424979999661446,0.171170994639397,10,20.6294002532959,0.0529350005090237,0.149162992835045,10,16892216,0.999346971511841,19.8883991241455,0.0225729998201132,0.0773610025644302,8,19.7807006835938,19.9972991943359,18.921199798584,0.0252780001610518,0.0716549977660179,10,19.2068004608154,0.0460759997367859,0.124540001153946,10,16892216,0.999256014823914,19.2891998291016,0.0281019993126392,0.119476996362209,14,19.1037006378174,19.5023002624512,18.2455005645752,0.0140060000121593,0.0583919994533062,16,18.5520992279053,0.0411569997668266,0.153514996170998,16,16892216,0.999417006969452,19.1664009094238,0.0428269989788532,0.192459002137184,6,18.793399810791,19.255500793457,18.0583992004395,0.0545799992978573,0.15896600484848,8,18.4899005889893,0.0537139996886253,0.191723003983498,8,16892216,0.999278008937836,18.7793006896973,0.0400179997086525,0.16499300301075,9,18.4078998565674,18.9083003997803,18.0377998352051,0.0344410017132759,0.173199996352196,12,18.1462001800537,0.0319419987499714,0.193158999085426,12,16892216
19,318.803,3.34011,997,112003188030938640,318.80311698,3.3401168,0.751172528828441,-0.657529658797042,0.0582630220271027,13334409344992,0.00701874552292353,PSO J318.8031+03.3401,PSX J211512.74+032024.4,-999,-999,-999,-999,112003188030938640,3590146000007624,79426830212551,0,13334409344992,11200,1,1402,87,0.337028682545785,3590146,18493,3,512024576,61,318.8030873,3.34016544,0.00100000004749745,0.00100000004749745,318.80311698,3.3401168,0.00820000004023314,0.00406000018119812,56214.93696759,2.14459991455078,0.751172528828441,-0.657529658797042,0.0582630220271027,322.322743000898,18.3611491570395,54.4742561113007,-29.6670384090992,-999,10,75,10,12,27,12,14,112003188030938640,3590146000007624,0.999629974365234,20.4771995544434,0.0255449991673231,0.0760419964790344,8,20.3596992492676,20.5846004486084,19.6487998962402,0.0401469990611076,0.11871899664402,8,19.7940006256104,0.0313129983842373,0.0843140035867691,8,16892216,0.998816013336182,19.3906002044678,0.0205429997295141,0.0710169970989227,9,19.2705993652344,19.4640998840332,18.4186000823975,0.0121149998158216,0.0429489985108376,12,18.7301006317139,0.0262349992990494,0.100869998335838,12,16892216,0.999799013137817,18.7931995391846,0.0222989991307259,0.0870030000805855,16,18.6117992401123,18.9314002990723,17.8651008605957,0.0230219997465611,0.161217004060745,25,18.1735992431641,0.0334860011935234,0.148305997252464,25,16892216,0.998542010784149,18.5400009155273,0.0306540001183748,0.0772349983453751,6,18.4853992462158,18.6657009124756,17.7147998809814,0.0113779995590448,0.159321993589401,9,17.9370994567871,0.0161899998784065,0.0560799986124039,9,16892216,0.999639987945557,18.3075008392334,0.0318909995257854,0.155412003397942,10,18.0956001281738,18.5876998901367,17.6240997314453,0.0560609996318817,0.121748000383377,13,17.7581005096436,0.0414349995553494,0.145317003130913,13,16892216
20,318.475,3.65646,998,112383184750808254,318.47504669,3.65645797,0.747143059213507,-0.66159665654398,0.0637739219345047,13334579728063,0.00279834935637176,PSO J318.4750+03.6565,PSX J211354.01+033923.2,-999,-999,-999,-999,112383184750808254,3590126000032171,79164837232043,0,13334579728063,11238,1,1402,98,0.176932156250749,3590126,18432,3,444915712,53,318.47506357,3.65648888,0.00100000004749745,0.00100000004749745,318.47504669,3.65645797,0.0147599996998906,0.0127999996766448,56456.66137731,2.21700000762939,0.747143059213507,-0.66159665654398,0.0637739219345047,322.09998792211,18.7645223050985,54.5652031560397,-29.218676817342,-999,5,64,2,12,30,9,11,112383184750808254,3590126000032171,0.700560986995697,20.8673992156982,0.23955899477005,0.38484600186348,2,20.7569007873535,21.2360000610352,20.6544990539551,0.198804005980492,0.319779008626938,2,20.4456996917725,0.234011992812157,0.373021990060806,2,16896056,0.998592019081116,20.9181003570557,0.0447009988129139,0.137688994407654,5,20.8425006866455,21.121000289917,20.4529991149902,0.0702380016446114,0.22163400053978,5,20.3766994476318,0.0555500015616417,0.159317001700401,5,16892216,0.999678015708923,20.0695991516113,0.0237329993396997,0.155984997749329,29,19.7409000396729,20.2698993682861,19.7019004821777,0.0199510008096695,0.117642000317574,29,19.6844005584717,0.0152300000190735,0.100916996598244,30,16892216,0.999484002590179,19.6411991119385,0.0297289993613958,0.154134005308151,8,19.3020992279053,19.7856998443604,19.2765007019043,0.0400569997727871,0.129227995872498,8,19.2758007049561,0.045014001429081,0.15820400416851,8,16892216,0.999050974845886,19.3069000244141,0.0599359981715679,0.185858994722366,10,19.1184997558594,19.6096000671387,18.909200668335,0.069641001522541,0.303431004285812,10,18.8047008514404,0.0446750000119209,0.175548002123833,10,16892216
21,318.576,3.68877,999,112423185763426990,318.57635338,3.6887393,0.748284621742884,-0.660250695386277,0.0643361803734662,13334581353306,0.0212389003454861,PSO J318.5764+03.6887,PSX J211418.32+034119.4,-999,-999,-999,-999,112423185763426990,3590126000045837,79164837245709,0,13334581353306,11242,1,1402,98,0.288993055270047,3590126,18432,3,444915712,53,318.57633404,3.68877295,0.00100000004749745,0.00100000004749745,318.57635338,3.6887393,0.0195300001651049,0.00860999990254641,56372.46284722,3.96280002593994,0.748284621742884,-0.660250695386277,0.0643361803734662,322.212065418893,18.7633404738732,54.6607150667572,-29.2843937424419,-999,5,70,3,12,32,9,14,112423185763426990,3590126000045837,0.998248994350433,21.9412002563477,0.107753999531269,0.20914900302887,3,21.8675003051758,22.2187004089355,21.1947994232178,0.12635800242424,0.907652020454407,3,21.1131992340088,0.0286420006304979,0.0822039991617203,3,16892216,0.999051988124847,20.5916996002197,0.0375650003552437,0.100450001657009,10,20.4106006622314,20.7922992706299,20.1247005462646,0.0222030002623796,0.0780669972300529,10,20.1266002655029,0.0214930009096861,0.0661569982767105,10,16892216,0.999800026416779,19.7462997436523,0.0216099992394447,0.113219000399113,25,19.486499786377,19.922700881958,19.2451000213623,0.0179280005395412,0.126154005527496,32,19.2959995269775,0.0191840007901192,0.108034998178482,32,16892216,0.999449014663696,19.3964004516602,0.0249540004879236,0.117671996355057,8,19.1797008514404,19.5671005249023,18.9137992858887,0.045194000005722,0.204017996788025,8,18.8743991851807,0.0426120012998581,0.172106996178627,8,16892216,0.999477982521057,19.1706008911133,0.0662169978022575,0.274224996566772,12,18.6243991851807,19.5949993133545,18.6856994628906,0.0830890014767647,0.257847994565964,13,18.6609001159668,0.066370002925396,0.15650999546051,13,16892216
22,318.616,3.72364,1000,112463186158668835,318.6159064,3.72360728,0.748710720001261,-0.659707968442914,0.0649434687102319,13334575848183,0.00593806252678759,PSO J318.6159+03.7236,PSX J211427.81+034324.9,-999,-999,-999,-999,112463186158668835,3590126000051054,79164837250926,0,13334575848183,11246,1,1402,98,0.807337607077637,3590126,18432,3,444751872,53,318.61589761,3.72358313,0.00100000004749745,0.00100000004749745,318.6159064,3.72360728,0.0228799991309643,0.0228799991309643,56747.17189815,0.885599970817566,0.748710720001261,-0.659707968442914,0.0649434687102319,322.263234834945,18.7839938692828,54.7191862119416,-29.2975523993396,-999,3,8,2,0,5,0,1,112463186158668835,3590126000051054,0.737412989139557,21.3530006408691,0.0438139997422695,0.108276002109051,2,21.2756004333496,21.4286994934082,-999,-999,-999,0,21.7383995056152,0.404060006141663,0.5728520154953,2,20536,-999,-999,-999,-999,0,-999,-999,-999,-999,-999,0,-999,-999,-999,0,114720,0.998193025588989,20.3390007019043,0.0167909990996122,0.0424860008060932,3,20.3108997344971,20.3920001983643,19.9710006713867,0.055137999355793,0.0841870009899139,3,19.9178009033203,0.0420509986579418,0.0729919970035553,3,16892216,-999,-999,-999,-999,0,-999,-999,-999,-999,-999,0,-999,-999,-999,0,114720,0.560357987880707,19.8041000366211,0.275426000356674,-999,1,19.8041000366211,19.8041000366211,-999,-999,-999,0,19.8915996551514,0.275426000356674,-999,1,20528
23,318.879,3.6824,1001,112413188787159334,318.87872759,3.68236384,0.751763997410881,-0.656297206972577,0.0642251377328766,13334561300989,0.0164545179415884,PSO J318.8787+03.6824,PSX J211530.89+034056.5,-999,-999,-999,-999,112413188787159334,3590146000018852,79426830223779,0,13334561300989,11241,1,1402,97,0.88829938032506,3590146,18493,3,444915712,53,318.87870935,3.68238625,0.00100000004749745,0.00100000004749745,318.87872759,3.68236384,0.0094999996945262,0.00853000022470951,56290.51164352,2.67190003395081,0.751763997410881,-0.656297206972577,0.0642251377328766,322.51224320306,18.6620448586984,54.8489281289361,-29.5377937508662,-999,5,75,12,14,28,6,15,112413188787159334,3590146000018852,0.99965101480484,21.2332000732422,0.0411729998886585,0.147979006171227,11,21.0837001800537,21.4647006988525,20.5098991394043,0.0398800000548363,0.149085998535156,11,20.5629005432129,0.0333879999816418,0.136142000555992,11,16892216,0.999191999435425,20.0030002593994,0.0292629990726709,0.0970819965004921,11,19.8388996124268,20.1651992797852,19.0933990478516,0.0237249992787838,0.0866549983620644,14,19.2936992645264,0.033720999956131,0.121740996837616,14,16892216,0.999741971492767,19.3362998962402,0.0320440009236336,0.14936900138855,21,19.0524005889893,19.5494995117188,18.4692001342773,0.0199059993028641,0.106799997389317,28,18.7085990905762,0.0219260007143021,0.12677900493145,28,16892216,0.997898995876312,19.1347999572754,0.0480340011417866,0.100394003093243,5,19.0039005279541,19.1979999542236,18.2493000030518,0.0433790013194084,0.101553000509739,6,18.4076995849609,0.0312130004167557,0.0817509964108467,6,16892216,0.999894976615906,18.8269996643066,0.0684529989957809,0.244037002325058,15,18.3500003814697,19.2089004516602,18.2028007507324,0.0791769996285439,0.276573002338409,15,18.3027992248535,0.0507920011878014,0.19157999753952,15,16892216
24,318.485,3.60936,1002,112333184846051704,318.48460201,3.60934723,0.747292395766435,-0.661506577916165,0.0629533367130541,13334572106717,0.0238443478492677,PSO J318.4846+03.6093,PSX J211356.30+033633.6,-999,-999,-999,-999,112333184846051704,3590126000033458,79164837233330,0,13334572106717,11233,1,1402,98,0.602557779850958,3590126,18432,3,444915712,53,318.48462208,3.60939599,0.00100000004749745,0.00100000004749745,318.48460201,3.60934723,0.0131599996238947,0.0152099998667836,56358.44327546,4.98150014877319,0.747292395766435,-0.661506577916165,0.0629533367130541,322.093901193895,18.7168029652664,54.526553432761,-29.2529242818737,-999,10,71,12,10,31,11,7,112333184846051704,3590126000033458,0.999100029468536,21.1093006134033,0.0893040001392365,0.270597010850906,12,20.8094005584717,21.6639003753662,19.8068008422852,0.0621890015900135,0.321803987026215,12,20.0128002166748,0.0807029977440834,0.354310989379883,12,16892216,0.998799979686737,20.3878993988037,0.0548160001635551,0.147701993584633,10,20.2716007232666,20.6574001312256,19.1082000732422,0.0286209993064404,0.09756900370121,10,19.4083995819092,0.0381180010735989,0.119519002735615,10,16892216,0.999765992164612,19.6597995758057,0.0600959993898869,0.248126000165939,23,19.1909999847412,20.0869007110596,18.6732997894287,0.0185739994049072,0.0710709989070892,28,18.8418006896973,0.0347080007195473,0.164755001664162,28,16892216,0.999136984348297,19.5475006103516,0.0476859994232655,0.172330006957054,9,19.2544994354248,19.7285995483398,18.5266990661621,0.0337980017066002,0.102723002433777,11,18.6655006408691,0.0546149984002113,0.149395003914833,11,16892216,0.999614000320435,18.9291000366211,0.117329001426697,0.30486199259758,6,18.586799621582,19.3899993896484,18.2182006835938,0.0398150011897087,0.135634005069733,6,18.246000289917,0.0751890018582344,0.168207004666328,6,16892216
24,318.485,3.60936,1002,112333184851271199,318.48510656,3.60891332,0.7472985779685,-0.661500313171421,0.0629457785746666,13334572109446,0.0275499367601292,PSO J318.4851+03.6089,PSX J211356.42+033632.0,-999,-999,-999,-999,112333184851271199,3590126000033555,79164837233427,0,13334572109446,11233,1,1402,98,0.926551615750931,3590126,18432,3,302067712,36,-999,-999,-999,-999,318.48510656,3.60891332,0.1475899964571,0.1475899964571,55416.46824074,-999,0.7472985779685,-0.661500313171421,0.0629457785746666,322.09426181053,18.7162327145776,54.5264636903681,-29.2535843646986,-999,0,3,2,1,0,0,0,112333184851271199,3590126000033555,0.993794977664948,21.9811000823975,0.14682100713253,-999,1,21.9811000823975,21.9811000823975,21.3271007537842,0.152831003069878,-999,1,21.2968006134033,0.14682100713253,-999,1,16777496,0.825632989406586,21.3174991607666,0.139660999178886,-999,1,21.3174991607666,21.3174991607666,20.775899887085,0.179951995611191,-999,1,21.149299621582,0.139660999178886,-999,1,4120,-999,-999,-999,-999,0,-999,-999,-999,-999,-999,0,-999,-999,-999,0,0,-999,-999,-999,-999,0,-999,-999,-999,-999,-999,0,-999,-999,-999,0,0,-999,-999,-999,-999,0,-999,-999,-999,-999,-999,0,-999,-999,-999,0,0
25,318.411,3.45969,1003,112153184106022056,318.41063112,3.45969671,0.746558177252102,-0.662577692507142,0.0603464114088793,13334090144322,0.0220961309986321,PSO J318.4106+03.4597,PSX J211338.55+032734.9,-999,-999,-999,-999,112153184106022056,3590126000021869,79164837221740,0,13334090144322,11215,1,1402,88,0.354739496814776,3590126,18432,3,444915712,53,318.41064166,3.45972771,0.00100000004749745,0.00100000004749745,318.41063112,3.45969671,0.0228700004518032,0.0165699999779463,56347.69770833,2.58170008659363,0.746558177252102,-0.662577692507142,0.0603464114088793,321.970295729866,18.5979271148112,54.336984545831,-29.2752216925202,-999,10,62,1,16,25,10,10,112153184106022056,3590126000021869,0.999495029449463,21.7831993103027,0.183368995785713,-999,1,21.7831993103027,21.7831993103027,21.5809993743896,0.234654992818832,-999,1,21.474100112915,0.183368995785713,-999,1,115000,0.999260008335114,21.0657997131348,0.0331830009818077,0.140756994485855,14,20.906099319458,21.4134998321533,20.6620006561279,0.0607549995183945,0.257993996143341,14,20.5956993103027,0.0333999991416931,0.149157002568245,14,16892216,0.999661982059479,20.4269008636475,0.026290999725461,0.160796001553535,23,20.1380004882813,20.6215000152588,20.0419998168945,0.0283189993351698,0.142976999282837,24,20.0086994171143,0.0162840001285076,0.100431002676487,24,16892216,0.999432027339935,20.0440998077393,0.0361879989504814,0.139614999294281,8,19.7833003997803,20.1446990966797,19.7073001861572,0.0623009987175465,0.175494998693466,8,19.6562004089355,0.0511890016496181,0.188091993331909,8,16892216,0.999180018901825,19.5713005065918,0.128867998719215,0.386665999889374,9,18.8472995758057,20.0160999298096,19.1123008728027,0.118000999093056,0.337123990058899,10,19.1958999633789,0.114139996469021,0.365808010101318,10,16892216
25,318.411,3.45969,1003,112153184107542364,318.41075506,3.45991343,0.74655943978724,-0.662575926060209,0.0603501869924166,13334090152835,0.019872419373154,PSO J318.4108+03.4599,PSX J211338.58+032735.6,-999,-999,-999,-999,112153184107542364,3590126000021898,79164837221769,0,13334090152835,11215,1,1402,88,0.744287548348575,3590126,18432,3,302067712,36,-999,-999,-999,-999,318.41075506,3.45991343,0.140909999608994,0.140909999608994,55504.21070602,-999,0.74655943978724,-0.662575926060209,0.0603501869924166,321.970491439101,18.5980940474193,54.337269871861,-29.2752035467406,-999,0,2,0,1,0,1,0,112153184107542364,3590126000021898,-999,-999,-999,-999,0,-999,-999,-999,-999,-999,0,-999,-999,-999,0,0,0.634809970855713,21.63450050354,0.197971999645233,-999,1,21.63450050354,21.63450050354,22.013599395752,0.239794000983238,-999,1,22.6329002380371,0.197971999645233,-999,1,4120,-999,-999,-999,-999,0,-999,-999,-999,-999,-999,0,-999,-999,-999,0,0,0.998960018157959,19.6828994750977,0.140105992555618,-999,1,19.6828994750977,19.6828994750977,19.7479000091553,0.226254999637604,-999,1,19.2845993041992,0.140105992555618,-999,1,16777488,-999,-999,-999,-999,0,-999,-999,-999,-999,-999,0,-999,-999,-999,0,0
26,318.655,3.62991,1004,112353186553466361,318.65536899,3.62990967,0.749243648580732,-0.659261411459369,0.063311503078296,13334596504466,0.0220949931210844,PSO J318.6554+03.6299,PSX J211437.28+033747.6,-999,-999,-999,-999,112353186553466361,3590126000056361,79164837256233,0,13334596504466,11235,1,1402,98,0.374711459851555,3590126,18432,3,512024576,61,318.65533609,3.62993413,0.00100000004749745,0.00100000004749745,318.65536899,3.62990967,0.00817000027745962,0.00807000044733286,56326.80547454,3.30419993400574,0.749243648580732,-0.659261411459369,0.063311503078296,322.271509228653,18.6826591267136,54.655467316883,-29.3826690144766,-999,5,79,9,14,32,11,13,112353186553466361,3590126000056361,0.999612987041473,21.4561004638672,0.0859559997916222,0.361757010221481,8,21.1415996551514,22.1273994445801,21.0573997497559,0.131734997034073,0.618480980396271,8,21.0417003631592,0.123818002641201,0.503935992717743,8,16892216,0.999261975288391,19.94580078125,0.0181760005652905,0.0522600002586842,11,19.8715991973877,20.0566005706787,19.3169994354248,0.0337850004434586,0.15675100684166,13,19.4181003570557,0.0290350001305342,0.092509999871254,13,16892216,0.999714970588684,19.2432994842529,0.0226930007338524,0.0945039987564087,23,19.0337009429932,19.4074001312256,18.6333999633789,0.012640000320971,0.0831409990787506,32,18.6784992218018,0.0170510001480579,0.103070996701717,32,16892216,0.999448001384735,18.9540004730225,0.0276790000498295,0.208100005984306,10,18.4202003479004,19.0995006561279,18.3512001037598,0.0313029997050762,0.19336199760437,11,18.3673000335693,0.037576001137495,0.244672998785973,11,16892216,0.999185025691986,18.7029991149902,0.07413300126791,0.274340987205505,12,18.2301006317139,19.0088996887207,18.2395000457764,0.0407340005040169,0.233991995453835,12,18.1875991821289,0.0511099994182587,0.251825004816055,12,16892216
27,318.578,3.6407,1005,112363185784219267,318.57854241,3.64068351,0.74835004660304,-0.660257573950423,0.0634991636978719,13334578067929,0.0324939876494458,PSO J318.5785+03.6407,PSX J211418.85+033826.4,-999,-999,-999,-999,112363185784219267,3590126000046078,79164837245950,0,13334578067929,11236,1,1402,98,0.637109309096922,3590126,18432,3,1384198144,165,318.57847248,3.64074329,0.00100000004749745,0.00100000004749745,318.57854241,3.64068351,0.060199998319149,0.060199998319149,56331.14834491,5.71299982070923,0.74835004660304,-0.660257573950423,0.0634991636978719,322.198271273479,18.7170425995149,54.6164592210006,-29.3131093383008,-999,1,5,2,1,1,0,1,112363185784219267,3590126000046078,0.999216020107269,21.9806995391846,0.0702719986438751,0.099541999399662,2,21.9144992828369,22.0550003051758,20.6914005279541,0.00014000000373926,-999,2,20.8409004211426,0.458003997802734,0.728778004646301,2,16892216,0.998199999332428,21.1977996826172,0.117411002516747,-999,1,21.1977996826172,21.1977996826172,20.3318004608154,0.119300000369549,-999,1,20.5494995117188,0.117411002516747,-999,1,16793912,0.935400009155273,20.861400604248,0.0923629999160767,-999,1,20.861400604248,20.861400604248,20.3808002471924,0.091107003390789,-999,1,20.2485008239746,0.0923629999160767,-999,1,16793912,-999,-999,-999,-999,0,-999,-999,-999,-999,-999,0,-999,-999,-999,0,16416,0.530182003974915,18.6093997955322,0.180094003677368,-999,1,18.6093997955322,18.6093997955322,-999,-999,-999,0,18.4237995147705,0.180094003677368,-999,1,20528
28,318.766,3.54238,1006,112253187660191378,318.76603571,3.54240587,0.750587451545095,-0.657875984932144,0.0617872643236586,13334591408592,0.00264244845292773,PSO J318.7660+03.5424,PSX J211503.84+033232.6,-999,-999,-999,-999,112253187660191378,3590146000002419,79426830207346,0,13334591408592,11225,1,1402,88,0.918164819402774,3590146,18493,3,444915712,53,318.76601821,3.54242262,0.00100000004749745,0.00100000004749745,318.76603571,3.54240587,0.0208500009030104,0.0203600004315376,56344.02784722,3.10590004920959,0.750587451545095,-0.657875984932144,0.0617872643236586,322.352989644146,18.5647856690539,54.643258686604,-29.5231791778672,-999,5,62,1,14,34,11,2,112253187660191378,3590146000002419,0.998468995094299,21.9137992858887,0.145183995366097,-999,1,21.9137992858887,21.9137992858887,21.7306003570557,0.206165000796318,-999,1,21.8938999176025,0.145183995366097,-999,1,115000,0.99966698884964,21.2497005462646,0.0366620011627674,0.116121001541615,14,21.0072994232178,21.4601001739502,20.7457008361816,0.0760390013456345,0.282234013080597,14,20.7304000854492,0.0432990007102489,0.25908300280571,14,16892216,0.999719977378845,20.4829006195068,0.0299229994416237,0.155852004885674,29,20.1688003540039,20.7628002166748,19.9326992034912,0.0330669991672039,0.154412001371384,32,19.9710998535156,0.0262359995394945,0.152243003249168,32,16892216,0.999521970748901,20.1564998626709,0.0254219993948936,0.172089993953705,11,19.7206993103027,20.3120994567871,19.6434001922607,0.0863159969449043,0.271387010812759,11,19.6658000946045,0.0512580014765263,0.15667299926281,11,16892216,0.997699022293091,19.769100189209,0.193470001220703,0.300626009702683,2,19.4876003265381,19.8745002746582,19.5296001434326,0.0207410007715225,0.0334080010652542,2,19.3344993591309,0.0161930005997419,0.0241340007632971,2,115000
29,318.79,3.51186,1007,112213187902534743,318.79029419,3.51187123,0.750890588033762,-0.6575797348277,0.0612553438178381,13334593946259,0.0176311328785019,PSO J318.7903+03.5119,PSX J211509.67+033042.7,-999,-999,-999,-999,112213187902534743,3590146000005890,79426830210817,0,13334593946259,11221,1,1402,88,0.0528045064330143,3590146,18493,3,444915712,53,318.7902857,3.51188946,0.00100000004749745,0.00100000004749745,318.79029419,3.51187123,0.0124599998816848,0.008500000461936,56259.89512731,2.88649988174438,0.750890588033762,-0.6575797348277,0.0612553438178381,322.367059343105,18.5281703471073,54.6297683668662,-29.560339164531,-999,10,67,8,12,27,10,10,112213187902534743,3590146000005890,0.99939900636673,22.1530990600586,0.0363739989697933,0.120897002518177,6,22.0419998168945,22.3281002044678,21.7593002319336,0.182702004909515,0.409893989562988,6,21.8307991027832,0.120196998119354,0.337769985198975,6,115000,0.999405980110168,20.4808006286621,0.0253069996833801,0.0700730010867119,10,20.3901996612549,20.62619972229,19.8330001831055,0.0462080016732216,0.156142994761467,11,19.9057998657227,0.0316330008208752,0.130882993340492,11,16892216,0.999890029430389,19.6585006713867,0.0318630002439022,0.222444996237755,22,19.096700668335,19.8771991729736,18.9190006256104,0.0166319999843836,0.0966409966349602,25,19.0835990905762,0.0291210003197193,0.126191005110741,25,16892216,0.999460995197296,19.3584995269775,0.0320880003273487,0.0882430002093315,9,19.263599395752,19.4939994812012,18.7108993530273,0.0180040001869202,0.0563689991831779,10,18.7644004821777,0.0162560008466244,0.0466220006346703,10,16892216,0.999369025230408,18.9379997253418,0.134433001279831,0.266799986362457,10,18.6263999938965,19.5683994293213,18.2810001373291,0.176263004541397,0.299827992916107,10,18.3721008300781,0.103203997015953,0.151054993271828,10,16892216
30,318.756,3.65996,1008,112393187563032446,318.7562927,3.65997404,0.750378659786214,-0.657918641465873,0.0638351638922059,13334584396403,0.0175464150644532,PSO J318.7563+03.6600,PSX J211501.51+033935.9,-999,-999,-999,-999,112393187563032446,3590146000000945,79426830205872,0,13334584396403,11239,1,1402,98,0.322748179848071,3590146,18493,3,444915712,53,318.75627316,3.65998908,0.00100000004749745,0.00100000004749745,318.7562927,3.65997404,0.0099499998614192,0.00757999997586012,56268.62431713,2.74780011177063,0.750378659786214,-0.657918641465873,0.0638351638922059,322.382412764213,18.6794128154851,54.7488542966793,-29.4492341753002,-999,5,70,14,14,22,9,11,112393187563032446,3590146000000945,0.999553978443146,21.2914009094238,0.0463210009038448,0.158640995621681,11,21.0338001251221,21.5100994110107,20.7362003326416,0.0675579980015755,0.205974996089935,11,20.8374996185303,0.0447200015187263,0.15344800055027,11,16892216,0.999746024608612,19.92799949646,0.0308149997144938,0.10437099635601,13,19.7542991638184,20.0666007995605,19.3579006195068,0.028379000723362,0.0993940010666847,13,19.4237003326416,0.0198219995945692,0.0898849964141846,13,16892216,0.999729990959167,19.2957992553711,0.0128070004284382,0.0629179999232292,14,19.1597995758057,19.3693008422852,18.7252006530762,0.0166420005261898,0.0825219973921776,19,18.8006992340088,0.0148040000349283,0.0644230023026466,19,16892216,0.99967497587204,19.0328998565674,0.0183540005236864,0.0465979985892773,7,18.9591007232666,19.111400604248,18.44580078125,0.0286839995533228,0.12041500210762,9,18.4834003448486,0.0326449982821941,0.146477997303009,9,16892216,0.999123990535736,18.6872997283936,0.0454480014741421,0.154642000794411,11,18.3320999145508,18.9092998504639,18.0249004364014,0.0760800018906593,0.29942598938942,11,18.146900177002,0.0685560032725334,0.201854005455971,11,16892216
31,318.773,3.55941,1009,112273187727261760,318.77274075,3.55942375,0.750650598732521,-0.657776019105644,0.0620837121315956,13334591517197,0.0155468985207729,PSO J318.7727+03.5594,PSX J211505.45+033333.9,-999,-999,-999,-999,112273187727261760,3590146000003351,79426830208278,0,13334591517197,11227,1,1402,88,0.68391850375004,3590146,18493,3,512024576,61,318.77273359,3.55944497,0.00100000004749745,0.00100000004749745,318.77274075,3.55942375,0.0057600000873208,0.0106300003826618,56297.11914352,3.13739991188049,0.750650598732521,-0.657776019105644,0.0620837121315956,322.365354337732,18.5788219101947,54.6637672646999,-29.5191900898302,-999,5,77,14,12,28,13,10,112273187727261760,3590146000003351,0.999005019664764,21.1105003356934,0.0477130003273487,0.158249005675316,14,20.8334007263184,21.320499420166,20.6371002197266,0.0485420003533363,0.203059002757072,14,20.6355991363525,0.0510470010340214,0.18249599635601,14,16892216,0.999419987201691,19.5774993896484,0.0338210016489029,0.103329002857208,10,19.4137001037598,19.7240009307861,19.0034008026123,0.0217540003359318,0.0786050036549568,11,19.0618991851807,0.034256000071764,0.116669997572899,11,16892216,0.999889016151428,18.9148998260498,0.0181070007383823,0.0620680004358292,16,18.7987995147705,19.0347995758057,18.3138999938965,0.014746000058949,0.0670989975333214,25,18.4545001983643,0.0176870003342628,0.0935729965567589,25,16892216,0.999549984931946,18.7012996673584,0.0178810004144907,0.120422996580601,10,18.4034004211426,18.8241004943848,18.0932998657227,0.0251419991254807,0.148679003119469,12,18.1567001342773,0.0231330003589392,0.128937005996704,12,16892216,0.999490022659302,18.4360008239746,0.0308059994131327,0.103790998458862,7,18.2397994995117,18.4901008605957,17.9846000671387,0.0505140013992786,0.144780993461609,9,17.9867000579834,0.0327260009944439,0.0966849997639656,9,16892216
31,318.773,3.55941,1009,112273187728661409,318.7728584,3.55910123,0.75065221222153,-0.657774708040704,0.0620780939534243,13334591520025,0.0203745898427076,PSO J318.7729+03.5591,PSX J211505.48+033332.7,-999,-999,-999,-999,112273187728661409,3590146000003368,79426830208295,0,13334591520025,11227,1,1402,88,0.42197705006411,3590146,18493,3,277348352,33,-999,-999,-999,-999,318.7728584,3.55910123,0.049380000680685,0.049380000680685,56507.49060185,-999,0.75065221222153,-0.657774708040704,0.0620780939534243,322.365364495578,18.5784788145531,54.6635358565292,-29.5194680428237,-999,0,2,0,2,0,0,0,112273187728661409,3590146000003368,-999,-999,-999,-999,0,-999,-999,-999,-999,-999,0,-999,-999,-999,0,0,0.640493988990784,20.5098991394043,0.145661994814873,0.290455996990204,2,20.2194004058838,20.510799407959,-999,-999,-999,0,19.6294002532959,0.0935269966721535,0.186003997921944,2,16781336,-999,-999,-999,-999,0,-999,-999,-999,-999,-999,0,-999,-999,-999,0,0,-999,-999,-999,-999,0,-999,-999,-999,-999,-999,0,-999,-999,-999,0,0,-999,-999,-999,-999,0,-999,-999,-999,-999,-999,0,-999,-999,-999,0,0
32,318.738,3.66308,1010,112393187378656752,318.73789466,3.66354794,0.75016436465261,-0.658156931615671,0.0638974128708674,13334584855378,0.0287761813533136,PSO J318.7379+03.6635,PSX J211457.09+033948.7,-999,-999,-999,-999,112393187378656752,3590126000067529,79164837267401,0,13334584855378,11239,1,1402,98,0.101378980187121,3590126,18432,3,444915712,53,318.73786965,3.66361201,0.00100000004749745,0.00100000004749745,318.73789466,3.66354794,0.0178900007158518,0.0432699993252754,56303.32113426,25.9666996002197,0.75016436465261,-0.658156931615671,0.0638974128708674,322.36521299053,18.6886001445434,54.7404289653338,-29.4320282587249,-999,5,54,10,10,19,8,7,112393187378656752,3590126000067529,0.99913501739502,21.3677997589111,0.0669440031051636,0.189073994755745,9,21.1809997558594,21.6308994293213,20.604700088501,0.113989003002644,0.297504991292953,9,20.7605991363525,0.100447997450829,0.291112989187241,9,16892216,0.999584019184113,20.0447006225586,0.0274379998445511,0.0921600013971329,9,19.8847007751465,20.1849002838135,18.9771995544434,0.0205230005085468,0.0701500028371811,10,19.1208992004395,0.0328099988400936,0.0952529981732368,10,16892216,0.999689996242523,19.4360008239746,0.0333620011806488,0.138692006468773,10,19.3169994354248,19.6700000762939,18.2653999328613,0.0157680008560419,0.071613997220993,15,18.4992008209229,0.0613260008394718,0.255627989768982,16,16892216,0.99857097864151,19.210599899292,0.0378409996628761,0.133076995611191,7,19.0928001403809,19.4321002960205,18.0464000701904,0.0225399993360043,0.0594890005886555,8,18.3108005523682,0.06317999958992,0.211647003889084,8,16892216,0.999032974243164,19.0421009063721,0.0253049992024899,0.110077999532223,6,18.8549995422363,19.1515998840332,18.2322006225586,0.121730998158455,0.370817989110947,7,18.3591995239258,0.0670489966869354,0.172077998518944,7,16892216
32,318.738,3.66308,1010,112393187379856170,318.73798538,3.66314461,0.750165744850903,-0.658156040462095,0.0638903878180956,13334584855547,0.00397421268313963,PSO J318.7380+03.6631,PSX J211457.11+033947.3,-999,-999,-999,-999,112393187379856170,3590126000067545,79164837267417,0,13334584855547,11239,1,1402,98,0.925025505875261,3590126,18432,3,377806848,45,-999,-999,-999,-999,318.73798538,3.66314461,0.0437100008130074,0.0752900019288063,56328.44645833,10.7656002044678,0.750165744850903,-0.658156040462095,0.0638903878180956,322.365169279947,18.6881888573499,54.7401038171958,-29.4323293874522,-999,0,15,2,0,5,2,6,112393187379856170,3590126000067545,0.999490022659302,21.4165000915527,0.168268993496895,0.335473001003265,2,21.0811004638672,21.4176006317139,20.641300201416,0.032319001853466,0.0639820024371147,2,20.8003005981445,0.150821000337601,0.300529003143311,2,16777496,-999,18.4810009002686,-999,-999,0,-999,-999,-999,-999,-999,0,-999,-999,-999,0,4,0.947672009468079,19.7418994903564,0.0528229996562004,0.0747030004858971,2,19.6891994476318,19.7947998046875,18.9633007049561,0.0230359993875027,-999,1,19.1907005310059,0.0645409971475601,0.161421999335289,2,16777496,0.999400019645691,19.380199432373,0.0145030003041029,0.0207390002906322,2,19.3635997772217,19.392599105835,18.6429996490479,0.00752699980512261,0.0107540003955364,2,18.7803001403809,0.0413050018250942,0.059153001755476,2,16777496,0.999769985675812,19.1240997314453,0.0201929993927479,0.388897985219955,3,18.5748996734619,19.1446990966797,18.4489002227783,0.102737002074718,0.512884020805359,4,18.5527000427246,0.00294700008817017,0.00417699990794063,4,16777496
33,318.713,3.55275,1011,112263187133743783,318.71338609,3.55276737,0.749974198002615,-0.658558045309317,0.0619677600749493,13334598036113,0.0231443570829305,PSO J318.7134+03.5528,PSX J211451.21+033309.9,-999,-999,-999,-999,112263187133743783,3590126000064033,79164837263905,0,13334598036113,11226,1,1402,88,0.477169447091566,3590126,18432,3,444915712,53,318.71336633,3.55277998,0.00100000004749745,0.00100000004749745,318.71338609,3.55276737,0.0115400003269315,0.0131299998611212,56325.01391204,3.39829993247986,0.749974198002615,-0.658558045309317,0.0619677600749493,322.303831016527,18.5911949110492,54.61931309107,-29.4738399239466,-999,5,62,2,12,27,12,9,112263187133743783,3590126000064033,0.99924898147583,21.8348007202148,0.0617309994995594,0.122418999671936,2,21.8337001800537,21.9571990966797,21.4459991455078,0.247639998793602,0.493613988161087,2,21.4981002807617,0.149593994021416,0.297367990016937,2,115000,0.999354004859924,20.660400390625,0.0472990013659,0.168624997138977,10,20.5186004638672,20.9062995910645,20.3502998352051,0.0480649992823601,0.165965005755425,10,20.3139991760254,0.0369030013680458,0.148397997021675,10,16892216,0.999630987644196,19.9752998352051,0.0207589995115995,0.112129002809525,15,19.7311000823975,20.1760005950928,19.4358005523682,0.0258469991385937,0.163205996155739,22,19.4687004089355,0.0264279991388321,0.187914997339249,23,16892216,0.999255001544952,19.6240997314453,0.0444010011851788,0.131289005279541,10,19.3652000427246,19.7075004577637,19.0762004852295,0.0369080007076263,0.162131994962692,10,19.0568008422852,0.0420630015432835,0.105765998363495,10,16892216,0.999090015888214,19.3684997558594,0.0205809995532036,0.118467003107071,8,19.2957992553711,19.6205005645752,18.8356990814209,0.0424479991197586,0.26240599155426,9,18.902099609375,0.0410979986190796,0.314684003591537,9,16892216
34,318.746,3.53224,1012,112233187458519151,318.74588543,3.5322528,0.750364257141636,-0.65814712681335,0.0616103974310487,13334593148415,0.00690399009365085,PSO J318.7459+03.5323,PSX J211459.01+033156.1,-999,-999,-999,-999,112233187458519151,3590126000068578,79164837268450,0,13334593148415,11223,1,1402,88,0.548431371849432,3590126,18432,3,444915712,53,318.7458735,3.53226662,0.00100000004749745,0.00100000004749745,318.74588543,3.5322528,0.0207400005310774,0.0189299993216991,56212.71907407,3.33310008049011,0.750364257141636,-0.65814712681335,0.0616103974310487,322.32947843216,18.5614966204374,54.620649780029,-29.5122022559184,-999,5,57,2,14,22,9,10,112233187458519151,3590126000068578,0.999100983142853,22.1935005187988,0.0330710001289845,0.0467789992690086,2,22.1597003936768,22.2259006500244,21.6445999145508,0.275534003973007,0.40106400847435,2,21.7206001281738,0.293262004852295,0.414907991886139,2,115000,0.999637007713318,20.8805999755859,0.0335449986159801,0.127015992999077,14,20.6748008728027,21.1632995605469,20.2849006652832,0.0513920001685619,0.219979003071785,14,20.3701992034912,0.0400170013308525,0.163165003061295,14,16892216,0.99939900636673,20.0368995666504,0.0310459993779659,0.126686006784439,16,19.8181991577148,20.2287006378174,19.3400993347168,0.0377940014004707,0.186798006296158,19,19.3868999481201,0.0379480011761189,0.151868999004364,19,16892216,0.99957799911499,19.7584991455078,0.0255110003054142,0.085707001388073,8,19.6609992980957,19.9060001373291,19.1693992614746,0.0418540015816689,0.104805998504162,9,19.2346000671387,0.0349499993026257,0.0843309983611107,9,16892216,0.99915599822998,19.426700592041,0.0605119988322258,0.198246002197266,10,19.0431995391846,19.5750007629395,18.8313007354736,0.12729200720787,0.453637003898621,10,19.0179004669189,0.104259997606277,0.282276004552841,10,16892216
34,318.746,3.53224,1012,112233187465049035,318.74651658,3.53203686,0.750371681575068,-0.658139014133546,0.0616066357264295,13334593148848,0.0332503891387212,PSO J318.7465+03.5320,PSX J211459.16+033155.3,-999,-999,-999,-999,112233187465049035,3590126000068666,79164837268538,0,13334593148848,11223,1,1402,88,0.755079827043302,3590126,18432,3,302067712,36,-999,-999,-999,-999,318.74651658,3.53203686,0.0479299984872341,0.0479299984872341,56508.53916667,0.663399994373322,0.750371681575068,-0.658139014133546,0.0616066357264295,322.330037161454,18.5610929843439,54.6208494889597,-29.512845111476,-999,0,6,0,0,4,2,0,112233187465049035,3590126000068666,-999,-999,-999,-999,0,-999,-999,-999,-999,-999,0,-999,-999,-999,0,0,-999,-999,-999,-999,0,-999,-999,-999,-999,-999,0,-999,-999,-999,0,0,0.963370025157928,20.8087997436523,0.0670690014958382,-999,1,20.8087997436523,20.8087997436523,20.5235004425049,0.0820489972829819,-999,1,20.5107002258301,0.0670690014958382,-999,1,16777496,0.998673021793365,20.5482997894287,0.0148940002545714,0.0222389996051788,2,20.5384006500244,20.5681991577148,-999,-999,-999,2,20.2546005249023,0.202843993902206,0.321110010147095,2,280,-999,-999,-999,-999,0,-999,-999,-999,-999,-999,0,-999,-999,-999,0,0
35,318.77,3.47041,1013,112163187702564954,318.77029021,3.47038061,0.750694121556298,-0.657870920084103,0.0605325397494176,13334593645034,0.0174698950224151,PSO J318.7703+03.4704,PSX J211504.86+032813.3,-999,-999,-999,-999,112163187702564954,3590146000002992,79426830207919,0,13334593645034,11216,1,1402,88,0.25923985173855,3590146,18493,3,444915712,53,318.77026204,3.47039516,0.00100000004749745,0.00100000004749745,318.77029021,3.47038061,0.00932999979704618,0.0122400000691414,56284.07100694,3.37879991531372,0.750694121556298,-0.657870920084103,0.0605325397494176,322.333272837193,18.4950993609105,54.5773917408019,-29.5670213749281,-999,5,57,10,10,20,8,9,112163187702564954,3590146000002992,0.999696016311646,21.5242004394531,0.0567229986190796,0.214476004242897,9,21.2929000854492,21.9930992126465,20.9496994018555,0.101746000349522,0.453644007444382,9,21.0263004302979,0.0976440012454987,0.256426990032196,9,16892216,0.999499022960663,19.9272003173828,0.0180840007960796,0.0490989983081818,9,19.8125,19.959400177002,19.4629993438721,0.0344990007579327,0.0884440019726753,10,19.4782009124756,0.0313670001924038,0.0917010009288788,10,16892216,0.999641001224518,19.3894996643066,0.0207189992070198,0.0806189998984337,15,19.2605991363525,19.5231990814209,18.7155990600586,0.0246099997311831,0.0884900018572807,18,18.7912998199463,0.0164979994297028,0.075373999774456,18,16892216,0.999153971672058,19.0737991333008,0.06224599853158,0.164939001202583,7,18.8370990753174,19.2886009216309,18.3659000396729,0.0348270013928413,0.0970339998602867,8,18.3957996368408,0.02305500023067,0.0694399997591972,8,16892216,0.999683976173401,18.8293991088867,0.0454300008714199,0.145600005984306,9,18.6317005157471,19.0429992675781,18.1821994781494,0.0576899982988834,0.212690994143486,9,18.2103004455566,0.0524489991366863,0.179710000753403,9,16892216
36,318.841,3.66404,1014,112393188410077325,318.84099604,3.66404709,0.751347056460964,-0.656805610703292,0.063906106876577,13334560818272,0.000487019879987193,PSO J318.8410+03.6640,PSX J211521.83+033950.5,-999,-999,-999,-999,112393188410077325,3590146000013376,79426830218303,0,13334560818272,11239,1,1402,97,0.553978873932714,3590146,18493,3,444915712,53,318.84098734,3.66406583,0.00100000004749745,0.00100000004749745,318.84099604,3.66404709,0.00723000010475516,0.00719999987632036,56062.25290509,1.96159994602203,0.751347056460964,-0.656805610703292,0.063906106876577,322.468426303908,18.6565735112362,54.8072107971956,-29.5169202052196,-999,5,62,12,12,16,9,13,112393188410077325,3590146000013376,0.999741017818451,21.078800201416,0.0209229998290539,0.110744997859001,10,20.86669921875,21.2502994537354,20.5429992675781,0.0718419998884201,0.176475003361702,10,20.600700378418,0.0507469996809959,0.146842002868652,10,16892216,0.99924498796463,19.7534008026123,0.0232200007885695,0.0786300003528595,11,19.6296005249023,19.8619003295898,19.1275997161865,0.0181920006871223,0.061429001390934,12,19.1926002502441,0.0203869994729757,0.0728669986128807,12,16892216,0.999390006065369,19.0387001037598,0.0227979999035597,0.10113800317049,14,18.8575000762939,19.1809997558594,18.4918994903564,0.0148210003972054,0.055527001619339,15,18.5533008575439,0.012814000248909,0.054187998175621,15,16892216,0.999342024326324,18.8134002685547,0.0169350001960993,0.0529109984636307,6,18.7283000946045,18.8616008758545,18.2192993164063,0.0356860011816025,0.206245005130768,9,18.236400604248,0.0258740000426769,0.191457003355026,9,16892216,0.999773025512695,18.5545997619629,0.0441370010375977,0.148053005337715,11,18.364200592041,18.8425006866455,17.9496002197266,0.0339969992637634,0.140909999608994,12,17.9680995941162,0.0425500012934208,0.160706996917725,12,16892216
37,318.6484245,3.676595442,1015,112413186484132419,318.64842252,3.676597,0.749124739850326,-0.659317941249212,0.0641246948615123,13334575413747,0.000150976540705139,PSO J318.6484+03.6766,PSX J211435.62+034035.7,-999,-999,-999,-999,112413186484132419,3590126000055388,79164837255260,0,13334575413747,11241,1,1402,98,0.235093258540233,3590126,18432,3,436527248,52,318.64839362,3.67661976,0.00100000004749745,0.00100000004749745,318.64842252,3.676597,0.022520000115037,0.0199999995529652,56062.75521991,1.03380000591278,0.749124739850326,-0.659317941249212,0.0641246948615123,322.280103423915,18.7291510726948,54.6953869046925,-29.3507718494716,-999,5,46,8,11,24,3,0,112413186484132419,3590126000055388,0.999219000339508,21.059700012207,0.0920009985566139,0.411835998296738,8,20.9747009277344,21.784200668335,21.1555004119873,0.0491550005972385,0.255241006612778,8,21.0895004272461,0.04619500041008,0.206091001629829,8,115000,0.999409019947052,21.1285991668701,0.0999099984765053,0.34451299905777,11,20.8687000274658,21.7889995574951,21.1527996063232,0.0965870022773743,0.490507006645203,11,21.1361999511719,0.0948859974741936,0.380111008882523,11,115000,0.999436974525452,20.9624996185303,0.0325560010969639,0.161579996347427,22,20.5925006866455,21.2261009216309,20.9622993469238,0.0412589982151985,0.221449002623558,22,20.9461994171143,0.0339099988341331,0.177173003554344,22,115000,0.99794602394104,20.6317005157471,0.00793000031262636,0.209806993603706,3,20.3353004455566,20.6371002197266,20.6205005645752,0.0637459978461266,0.48674800992012,3,20.4519004821777,0.0474789999425411,0.405281007289886,3,115000,-999,-999,-999,-999,0,-999,-999,-999,-999,-999,0,-999,-999,-999,0,114720
38,318.8411379,3.48339356,1016,112183188410540577,318.84112274,3.48339908,0.751496473218163,-0.656933294746013,0.0607593366883753,13334590071936,0.000966442547291129,PSO J318.8411+03.4834,PSX J211521.86+032900.2,-999,-999,-999,-999,112183188410540577,3590146000013380,79426830218307,0,13334590071936,11218,1,1402,87,0.0335162636204774,3590146,18493,3,436527104,52,318.84110131,3.48342205,0.00100000004749745,0.00100000004749745,318.84112274,3.48339908,0.0349299982190132,0.0427599996328354,56325.33899306,1.07710003852844,0.751496473218163,-0.656933294746013,0.0607593366883753,322.40834544074,18.4851379919043,54.635317832283,-29.6183158952697,-999,4,22,6,6,8,2,0,112183188410540577,3590146000013380,0.998987972736359,21.6952991485596,0.0656450018286705,0.188583001494408,4,21.5300998687744,21.9708995819092,21.7474994659424,0.242868006229401,0.730697989463806,4,21.8155002593994,0.230583995580673,0.392785996198654,4,115000,0.999091029167175,21.7534008026123,0.0475229993462563,0.09791000187397,5,21.5958003997803,21.8481998443604,21.7991008758545,0.0898310020565987,0.203104004263878,4,21.8230991363525,0.0837880000472069,0.230444997549057,5,115000,0.999230027198792,21.4937000274658,0.0389720015227795,0.184064999222755,8,21.1555004119873,21.7509002685547,21.5380001068115,0.111786000430584,0.287045985460281,8,21.5345993041992,0.0957019999623299,0.234911993145943,8,115000,0.998091995716095,20.9726009368896,0.184548005461693,-999,1,20.9726009368896,20.9726009368896,20.5247993469238,0.2066929936409,-999,1,20.4071006774902,0.184548005461693,-999,1,16892216,-999,-999,-999,-999,0,-999,-999,-999,-999,-999,0,-999,-999,-999,0,16416